stateabb1,stateabb2,year
USA,CAN,2002
USA,CAN,1997
USA,BHM,2002
USA,BHM,1997
USA,HAI,2002
USA,HAI,1997
USA,DOM,1997
USA,DOM,2002
USA,JAM,2002
USA,JAM,1997
USA,TRI,2002
USA,TRI,1997
USA,BAR,1997
USA,BAR,2002
USA,DMA,2002
USA,DMA,1997
USA,GRN,2002
USA,GRN,1997
USA,SLU,2002
USA,SLU,1997
USA,SVG,2002
USA,SVG,1997
USA,AAB,2002
USA,AAB,1997
USA,SKN,1997
USA,SKN,2002
USA,MEX,2002
USA,MEX,1997
USA,BLZ,2002
USA,BLZ,1997
USA,GUA,1997
USA,GUA,2002
USA,HON,1997
USA,HON,2002
USA,SAL,1997
USA,SAL,2002
USA,NIC,2002
USA,NIC,1997
USA,COS,2002
USA,COS,1997
USA,PAN,1997
USA,PAN,2002
USA,COL,1997
USA,COL,2002
USA,VEN,2002
USA,VEN,1997
USA,GUY,2002
USA,GUY,1997
USA,SUR,2002
USA,SUR,1997
USA,ECU,1997
USA,ECU,2002
USA,PER,2002
USA,PER,1997
USA,BRA,2002
USA,BRA,1997
USA,BOL,2002
USA,BOL,1997
USA,PAR,1997
USA,PAR,2002
USA,CHL,2002
USA,CHL,1997
USA,ARG,2002
USA,ARG,1997
USA,URU,2002
USA,URU,1997
USA,UKG,1997
USA,UKG,2002
USA,NTH,2002
USA,NTH,1997
USA,BEL,2002
USA,BEL,1997
USA,LUX,1997
USA,LUX,2002
USA,FRN,2002
USA,FRN,1997
USA,SPN,1997
USA,SPN,2002
USA,POR,1997
USA,POR,2002
USA,GMY,1997
USA,GMY,2002
USA,POL,1997
USA,POL,2002
USA,HUN,2002
USA,HUN,1997
USA,CZR,1997
USA,CZR,2002
USA,ITA,2002
USA,ITA,1997
USA,GRC,1997
USA,GRC,2002
USA,NOR,1997
USA,NOR,2002
USA,DEN,1997
USA,DEN,2002
USA,ICE,2002
USA,ICE,1997
CAN,USA,2002
CAN,USA,1997
CAN,BHM,2002
CAN,BHM,1997
CAN,HAI,1997
CAN,HAI,2002
CAN,DOM,1997
CAN,DOM,2002
CAN,JAM,1997
CAN,JAM,2002
CAN,TRI,2002
CAN,TRI,1997
CAN,BAR,2002
CAN,BAR,1997
CAN,DMA,1997
CAN,DMA,2002
CAN,GRN,2002
CAN,GRN,1997
CAN,SLU,2002
CAN,SLU,1997
CAN,SVG,1997
CAN,SVG,2002
CAN,AAB,2002
CAN,AAB,1997
CAN,SKN,2002
CAN,SKN,1997
CAN,MEX,2002
CAN,MEX,1997
CAN,BLZ,1997
CAN,BLZ,2002
CAN,GUA,2002
CAN,GUA,1997
CAN,HON,2002
CAN,HON,1997
CAN,SAL,2002
CAN,SAL,1997
CAN,NIC,2002
CAN,NIC,1997
CAN,COS,2002
CAN,COS,1997
CAN,PAN,2002
CAN,PAN,1997
CAN,COL,1997
CAN,COL,2002
CAN,VEN,2002
CAN,VEN,1997
CAN,GUY,1997
CAN,GUY,2002
CAN,SUR,2002
CAN,SUR,1997
CAN,ECU,2002
CAN,ECU,1997
CAN,PER,1997
CAN,PER,2002
CAN,BRA,2002
CAN,BRA,1997
CAN,BOL,2002
CAN,BOL,1997
CAN,PAR,2002
CAN,PAR,1997
CAN,CHL,2002
CAN,CHL,1997
CAN,ARG,1997
CAN,ARG,2002
CAN,URU,2002
CAN,URU,1997
CAN,UKG,2002
CAN,UKG,1997
CAN,NTH,1997
CAN,NTH,2002
CAN,BEL,1997
CAN,BEL,2002
CAN,LUX,1997
CAN,LUX,2002
CAN,FRN,1997
CAN,FRN,2002
CAN,SPN,1997
CAN,SPN,2002
CAN,POR,1997
CAN,POR,2002
CAN,GMY,2002
CAN,GMY,1997
CAN,POL,2002
CAN,POL,1997
CAN,HUN,1997
CAN,HUN,2002
CAN,CZR,1997
CAN,CZR,2002
CAN,ITA,1997
CAN,ITA,2002
CAN,GRC,1997
CAN,GRC,2002
CAN,NOR,2002
CAN,NOR,1997
CAN,DEN,2002
CAN,DEN,1997
CAN,ICE,1997
CAN,ICE,2002
BHM,USA,2002
BHM,USA,1997
BHM,CAN,1997
BHM,CAN,2002
BHM,HAI,2002
BHM,HAI,1997
BHM,DOM,2002
BHM,DOM,1997
BHM,JAM,1997
BHM,JAM,2002
BHM,TRI,1997
BHM,TRI,2002
BHM,BAR,2002
BHM,BAR,1997
BHM,DMA,1997
BHM,DMA,2002
BHM,GRN,1997
BHM,GRN,2002
BHM,SLU,1997
BHM,SLU,2002
BHM,SVG,1997
BHM,SVG,2002
BHM,AAB,2002
BHM,AAB,1997
BHM,SKN,1997
BHM,SKN,2002
BHM,MEX,1997
BHM,MEX,2002
BHM,BLZ,1997
BHM,BLZ,2002
BHM,GUA,2002
BHM,GUA,1997
BHM,HON,2002
BHM,HON,1997
BHM,SAL,1997
BHM,SAL,2002
BHM,NIC,2002
BHM,NIC,1997
BHM,COS,2002
BHM,COS,1997
BHM,PAN,2002
BHM,PAN,1997
BHM,COL,1997
BHM,COL,2002
BHM,VEN,1997
BHM,VEN,2002
BHM,GUY,1997
BHM,GUY,2002
BHM,SUR,1997
BHM,SUR,2002
BHM,ECU,2002
BHM,ECU,1997
BHM,PER,2002
BHM,PER,1997
BHM,BRA,2002
BHM,BRA,1997
BHM,BOL,2002
BHM,BOL,1997
BHM,PAR,1997
BHM,PAR,2002
BHM,CHL,2002
BHM,CHL,1997
BHM,ARG,2002
BHM,ARG,1997
BHM,URU,1997
BHM,URU,2002
HAI,USA,2002
HAI,USA,1997
HAI,CAN,1997
HAI,CAN,2002
HAI,BHM,1997
HAI,BHM,2002
HAI,DOM,2002
HAI,DOM,1997
HAI,JAM,2002
HAI,JAM,1997
HAI,TRI,2002
HAI,TRI,1997
HAI,BAR,1997
HAI,BAR,2002
HAI,DMA,1997
HAI,DMA,2002
HAI,GRN,1997
HAI,GRN,2002
HAI,SLU,2002
HAI,SLU,1997
HAI,SVG,1997
HAI,SVG,2002
HAI,AAB,2002
HAI,AAB,1997
HAI,SKN,2002
HAI,SKN,1997
HAI,MEX,2002
HAI,MEX,1997
HAI,BLZ,1997
HAI,BLZ,2002
HAI,GUA,2002
HAI,GUA,1997
HAI,HON,1997
HAI,HON,2002
HAI,SAL,1997
HAI,SAL,2002
HAI,NIC,2002
HAI,NIC,1997
HAI,COS,2002
HAI,COS,1997
HAI,PAN,1997
HAI,PAN,2002
HAI,COL,1997
HAI,COL,2002
HAI,VEN,1997
HAI,VEN,2002
HAI,GUY,2002
HAI,GUY,1997
HAI,SUR,1997
HAI,SUR,2002
HAI,ECU,1997
HAI,ECU,2002
HAI,PER,1997
HAI,PER,2002
HAI,BRA,2002
HAI,BRA,1997
HAI,BOL,2002
HAI,BOL,1997
HAI,PAR,2002
HAI,PAR,1997
HAI,CHL,1997
HAI,CHL,2002
HAI,ARG,1997
HAI,ARG,2002
HAI,URU,2002
HAI,URU,1997
DOM,USA,2002
DOM,USA,1997
DOM,CAN,1997
DOM,CAN,2002
DOM,BHM,2002
DOM,BHM,1997
DOM,HAI,2002
DOM,HAI,1997
DOM,JAM,2002
DOM,JAM,1997
DOM,TRI,2002
DOM,TRI,1997
DOM,BAR,1997
DOM,BAR,2002
DOM,DMA,2002
DOM,DMA,1997
DOM,GRN,1997
DOM,GRN,2002
DOM,SLU,1997
DOM,SLU,2002
DOM,SVG,1997
DOM,SVG,2002
DOM,AAB,1997
DOM,AAB,2002
DOM,SKN,1997
DOM,SKN,2002
DOM,MEX,2002
DOM,MEX,1997
DOM,BLZ,2002
DOM,BLZ,1997
DOM,GUA,2002
DOM,GUA,1997
DOM,HON,2002
DOM,HON,1997
DOM,SAL,2002
DOM,SAL,1997
DOM,NIC,2002
DOM,NIC,1997
DOM,COS,1997
DOM,COS,2002
DOM,PAN,1997
DOM,PAN,2002
DOM,COL,1997
DOM,COL,2002
DOM,VEN,2002
DOM,VEN,1997
DOM,GUY,2002
DOM,GUY,1997
DOM,SUR,2002
DOM,SUR,1997
DOM,ECU,1997
DOM,ECU,2002
DOM,PER,2002
DOM,PER,1997
DOM,BRA,1997
DOM,BRA,2002
DOM,BOL,2002
DOM,BOL,1997
DOM,PAR,1997
DOM,PAR,2002
DOM,CHL,2002
DOM,CHL,1997
DOM,ARG,2002
DOM,ARG,1997
DOM,URU,1997
DOM,URU,2002
JAM,USA,1997
JAM,USA,2002
JAM,CAN,2002
JAM,CAN,1997
JAM,BHM,1997
JAM,BHM,2002
JAM,HAI,2002
JAM,HAI,1997
JAM,DOM,2002
JAM,DOM,1997
JAM,TRI,1997
JAM,TRI,2002
JAM,BAR,2002
JAM,BAR,1997
JAM,DMA,1997
JAM,DMA,2002
JAM,GRN,1997
JAM,GRN,2002
JAM,SLU,2002
JAM,SLU,1997
JAM,SVG,2002
JAM,SVG,1997
JAM,AAB,2002
JAM,AAB,1997
JAM,SKN,1997
JAM,SKN,2002
JAM,MEX,2002
JAM,MEX,1997
JAM,BLZ,1997
JAM,BLZ,2002
JAM,GUA,2002
JAM,GUA,1997
JAM,HON,1997
JAM,HON,2002
JAM,SAL,2002
JAM,SAL,1997
JAM,NIC,1997
JAM,NIC,2002
JAM,COS,2002
JAM,COS,1997
JAM,PAN,1997
JAM,PAN,2002
JAM,COL,2002
JAM,COL,1997
JAM,VEN,2002
JAM,VEN,1997
JAM,GUY,1997
JAM,GUY,2002
JAM,SUR,2002
JAM,SUR,1997
JAM,ECU,1997
JAM,ECU,2002
JAM,PER,2002
JAM,PER,1997
JAM,BRA,1997
JAM,BRA,2002
JAM,BOL,1997
JAM,BOL,2002
JAM,PAR,1997
JAM,PAR,2002
JAM,CHL,1997
JAM,CHL,2002
JAM,ARG,2002
JAM,ARG,1997
JAM,URU,2002
JAM,URU,1997
TRI,USA,2002
TRI,USA,1997
TRI,CAN,2002
TRI,CAN,1997
TRI,BHM,2002
TRI,BHM,1997
TRI,HAI,2002
TRI,HAI,1997
TRI,DOM,2002
TRI,DOM,1997
TRI,JAM,1997
TRI,JAM,2002
TRI,BAR,2002
TRI,BAR,1997
TRI,DMA,2002
TRI,DMA,1997
TRI,GRN,1997
TRI,GRN,2002
TRI,SLU,2002
TRI,SLU,1997
TRI,SVG,1997
TRI,SVG,2002
TRI,AAB,1997
TRI,AAB,2002
TRI,SKN,2002
TRI,SKN,1997
TRI,MEX,2002
TRI,MEX,1997
TRI,BLZ,2002
TRI,BLZ,1997
TRI,GUA,2002
TRI,GUA,1997
TRI,HON,2002
TRI,HON,1997
TRI,SAL,2002
TRI,SAL,1997
TRI,NIC,2002
TRI,NIC,1997
TRI,COS,1997
TRI,COS,2002
TRI,PAN,1997
TRI,PAN,2002
TRI,COL,2002
TRI,COL,1997
TRI,VEN,1997
TRI,VEN,2002
TRI,GUY,2002
TRI,GUY,1997
TRI,SUR,2002
TRI,SUR,1997
TRI,ECU,2002
TRI,ECU,1997
TRI,PER,2002
TRI,PER,1997
TRI,BRA,2002
TRI,BRA,1997
TRI,BOL,2002
TRI,BOL,1997
TRI,PAR,2002
TRI,PAR,1997
TRI,CHL,1997
TRI,CHL,2002
TRI,ARG,1997
TRI,ARG,2002
TRI,URU,1997
TRI,URU,2002
BAR,USA,1997
BAR,USA,2002
BAR,CAN,2002
BAR,CAN,1997
BAR,BHM,1997
BAR,BHM,2002
BAR,HAI,1997
BAR,HAI,2002
BAR,DOM,2002
BAR,DOM,1997
BAR,JAM,1997
BAR,JAM,2002
BAR,TRI,1997
BAR,TRI,2002
BAR,DMA,2002
BAR,DMA,1997
BAR,GRN,1997
BAR,GRN,2002
BAR,SLU,2002
BAR,SLU,1997
BAR,SVG,1997
BAR,SVG,2002
BAR,AAB,2002
BAR,AAB,1997
BAR,SKN,2002
BAR,SKN,1997
BAR,MEX,1997
BAR,MEX,2002
BAR,BLZ,1997
BAR,BLZ,2002
BAR,GUA,1997
BAR,GUA,2002
BAR,HON,2002
BAR,HON,1997
BAR,SAL,2002
BAR,SAL,1997
BAR,NIC,2002
BAR,NIC,1997
BAR,COS,2002
BAR,COS,1997
BAR,PAN,2002
BAR,PAN,1997
BAR,COL,2002
BAR,COL,1997
BAR,VEN,2002
BAR,VEN,1997
BAR,GUY,2002
BAR,GUY,1997
BAR,SUR,1997
BAR,SUR,2002
BAR,ECU,2002
BAR,ECU,1997
BAR,PER,2002
BAR,PER,1997
BAR,BRA,2002
BAR,BRA,1997
BAR,BOL,2002
BAR,BOL,1997
BAR,PAR,2002
BAR,PAR,1997
BAR,CHL,1997
BAR,CHL,2002
BAR,ARG,1997
BAR,ARG,2002
BAR,URU,1997
BAR,URU,2002
DMA,USA,2002
DMA,USA,1997
DMA,CAN,1997
DMA,CAN,2002
DMA,BHM,2002
DMA,BHM,1997
DMA,HAI,2002
DMA,HAI,1997
DMA,DOM,2002
DMA,DOM,1997
DMA,JAM,1997
DMA,JAM,2002
DMA,TRI,2002
DMA,TRI,1997
DMA,BAR,1997
DMA,BAR,2002
DMA,GRN,1997
DMA,GRN,2002
DMA,SLU,1997
DMA,SLU,2002
DMA,SVG,1997
DMA,SVG,2002
DMA,AAB,2002
DMA,AAB,1997
DMA,SKN,2002
DMA,SKN,1997
DMA,MEX,2002
DMA,MEX,1997
DMA,BLZ,1997
DMA,BLZ,2002
DMA,GUA,2002
DMA,GUA,1997
DMA,HON,1997
DMA,HON,2002
DMA,SAL,1997
DMA,SAL,2002
DMA,NIC,2002
DMA,NIC,1997
DMA,COS,1997
DMA,COS,2002
DMA,PAN,2002
DMA,PAN,1997
DMA,COL,2002
DMA,COL,1997
DMA,VEN,2002
DMA,VEN,1997
DMA,GUY,2002
DMA,GUY,1997
DMA,SUR,2002
DMA,SUR,1997
DMA,ECU,1997
DMA,ECU,2002
DMA,PER,2002
DMA,PER,1997
DMA,BRA,2002
DMA,BRA,1997
DMA,BOL,1997
DMA,BOL,2002
DMA,PAR,2002
DMA,PAR,1997
DMA,CHL,1997
DMA,CHL,2002
DMA,ARG,1997
DMA,ARG,2002
DMA,URU,2002
DMA,URU,1997
GRN,USA,2002
GRN,USA,1997
GRN,CAN,2002
GRN,CAN,1997
GRN,BHM,1997
GRN,BHM,2002
GRN,HAI,2002
GRN,HAI,1997
GRN,DOM,2002
GRN,DOM,1997
GRN,JAM,2002
GRN,JAM,1997
GRN,TRI,2002
GRN,TRI,1997
GRN,BAR,1997
GRN,BAR,2002
GRN,DMA,2002
GRN,DMA,1997
GRN,SLU,1997
GRN,SLU,2002
GRN,SVG,2002
GRN,SVG,1997
GRN,AAB,2002
GRN,AAB,1997
GRN,SKN,2002
GRN,SKN,1997
GRN,MEX,1997
GRN,MEX,2002
GRN,BLZ,1997
GRN,BLZ,2002
GRN,GUA,1997
GRN,GUA,2002
GRN,HON,1997
GRN,HON,2002
GRN,SAL,2002
GRN,SAL,1997
GRN,NIC,1997
GRN,NIC,2002
GRN,COS,1997
GRN,COS,2002
GRN,PAN,1997
GRN,PAN,2002
GRN,COL,1997
GRN,COL,2002
GRN,VEN,2002
GRN,VEN,1997
GRN,GUY,2002
GRN,GUY,1997
GRN,SUR,2002
GRN,SUR,1997
GRN,ECU,1997
GRN,ECU,2002
GRN,PER,1997
GRN,PER,2002
GRN,BRA,2002
GRN,BRA,1997
GRN,BOL,1997
GRN,BOL,2002
GRN,PAR,1997
GRN,PAR,2002
GRN,CHL,2002
GRN,CHL,1997
GRN,ARG,1997
GRN,ARG,2002
GRN,URU,2002
GRN,URU,1997
SLU,USA,2002
SLU,USA,1997
SLU,CAN,2002
SLU,CAN,1997
SLU,BHM,1997
SLU,BHM,2002
SLU,HAI,2002
SLU,HAI,1997
SLU,DOM,1997
SLU,DOM,2002
SLU,JAM,1997
SLU,JAM,2002
SLU,TRI,2002
SLU,TRI,1997
SLU,BAR,2002
SLU,BAR,1997
SLU,DMA,2002
SLU,DMA,1997
SLU,GRN,2002
SLU,GRN,1997
SLU,SVG,2002
SLU,SVG,1997
SLU,AAB,2002
SLU,AAB,1997
SLU,SKN,2002
SLU,SKN,1997
SLU,MEX,1997
SLU,MEX,2002
SLU,BLZ,2002
SLU,BLZ,1997
SLU,GUA,2002
SLU,GUA,1997
SLU,HON,1997
SLU,HON,2002
SLU,SAL,1997
SLU,SAL,2002
SLU,NIC,1997
SLU,NIC,2002
SLU,COS,1997
SLU,COS,2002
SLU,PAN,1997
SLU,PAN,2002
SLU,COL,2002
SLU,COL,1997
SLU,VEN,1997
SLU,VEN,2002
SLU,GUY,2002
SLU,GUY,1997
SLU,SUR,1997
SLU,SUR,2002
SLU,ECU,1997
SLU,ECU,2002
SLU,PER,2002
SLU,PER,1997
SLU,BRA,1997
SLU,BRA,2002
SLU,BOL,2002
SLU,BOL,1997
SLU,PAR,2002
SLU,PAR,1997
SLU,CHL,1997
SLU,CHL,2002
SLU,ARG,1997
SLU,ARG,2002
SLU,URU,1997
SLU,URU,2002
SVG,USA,2002
SVG,USA,1997
SVG,CAN,2002
SVG,CAN,1997
SVG,BHM,1997
SVG,BHM,2002
SVG,HAI,2002
SVG,HAI,1997
SVG,DOM,2002
SVG,DOM,1997
SVG,JAM,2002
SVG,JAM,1997
SVG,TRI,2002
SVG,TRI,1997
SVG,BAR,2002
SVG,BAR,1997
SVG,DMA,2002
SVG,DMA,1997
SVG,GRN,1997
SVG,GRN,2002
SVG,SLU,1997
SVG,SLU,2002
SVG,AAB,1997
SVG,AAB,2002
SVG,SKN,1997
SVG,SKN,2002
SVG,MEX,2002
SVG,MEX,1997
SVG,BLZ,1997
SVG,BLZ,2002
SVG,GUA,1997
SVG,GUA,2002
SVG,HON,2002
SVG,HON,1997
SVG,SAL,1997
SVG,SAL,2002
SVG,NIC,1997
SVG,NIC,2002
SVG,COS,1997
SVG,COS,2002
SVG,PAN,2002
SVG,PAN,1997
SVG,COL,2002
SVG,COL,1997
SVG,VEN,2002
SVG,VEN,1997
SVG,GUY,1997
SVG,GUY,2002
SVG,SUR,2002
SVG,SUR,1997
SVG,ECU,1997
SVG,ECU,2002
SVG,PER,1997
SVG,PER,2002
SVG,BRA,2002
SVG,BRA,1997
SVG,BOL,1997
SVG,BOL,2002
SVG,PAR,2002
SVG,PAR,1997
SVG,CHL,1997
SVG,CHL,2002
SVG,ARG,1997
SVG,ARG,2002
SVG,URU,1997
SVG,URU,2002
AAB,USA,1997
AAB,USA,2002
AAB,CAN,2002
AAB,CAN,1997
AAB,BHM,1997
AAB,BHM,2002
AAB,HAI,1997
AAB,HAI,2002
AAB,DOM,1997
AAB,DOM,2002
AAB,JAM,1997
AAB,JAM,2002
AAB,TRI,2002
AAB,TRI,1997
AAB,BAR,1997
AAB,BAR,2002
AAB,DMA,2002
AAB,DMA,1997
AAB,GRN,2002
AAB,GRN,1997
AAB,SLU,1997
AAB,SLU,2002
AAB,SVG,2002
AAB,SVG,1997
AAB,SKN,1997
AAB,SKN,2002
AAB,MEX,2002
AAB,MEX,1997
AAB,BLZ,2002
AAB,BLZ,1997
AAB,GUA,2002
AAB,GUA,1997
AAB,HON,2002
AAB,HON,1997
AAB,SAL,1997
AAB,SAL,2002
AAB,NIC,2002
AAB,NIC,1997
AAB,COS,1997
AAB,COS,2002
AAB,PAN,1997
AAB,PAN,2002
AAB,COL,2002
AAB,COL,1997
AAB,VEN,2002
AAB,VEN,1997
AAB,GUY,2002
AAB,GUY,1997
AAB,SUR,2002
AAB,SUR,1997
AAB,ECU,2002
AAB,ECU,1997
AAB,PER,2002
AAB,PER,1997
AAB,BRA,1997
AAB,BRA,2002
AAB,BOL,1997
AAB,BOL,2002
AAB,PAR,1997
AAB,PAR,2002
AAB,CHL,2002
AAB,CHL,1997
AAB,ARG,1997
AAB,ARG,2002
AAB,URU,1997
AAB,URU,2002
SKN,USA,2002
SKN,USA,1997
SKN,CAN,2002
SKN,CAN,1997
SKN,BHM,1997
SKN,BHM,2002
SKN,HAI,1997
SKN,HAI,2002
SKN,DOM,2002
SKN,DOM,1997
SKN,JAM,2002
SKN,JAM,1997
SKN,TRI,1997
SKN,TRI,2002
SKN,BAR,2002
SKN,BAR,1997
SKN,DMA,2002
SKN,DMA,1997
SKN,GRN,2002
SKN,GRN,1997
SKN,SLU,2002
SKN,SLU,1997
SKN,SVG,1997
SKN,SVG,2002
SKN,AAB,2002
SKN,AAB,1997
SKN,MEX,2002
SKN,MEX,1997
SKN,BLZ,2002
SKN,BLZ,1997
SKN,GUA,1997
SKN,GUA,2002
SKN,HON,1997
SKN,HON,2002
SKN,SAL,2002
SKN,SAL,1997
SKN,NIC,2002
SKN,NIC,1997
SKN,COS,1997
SKN,COS,2002
SKN,PAN,2002
SKN,PAN,1997
SKN,COL,2002
SKN,COL,1997
SKN,VEN,1997
SKN,VEN,2002
SKN,GUY,1997
SKN,GUY,2002
SKN,SUR,2002
SKN,SUR,1997
SKN,ECU,1997
SKN,ECU,2002
SKN,PER,2002
SKN,PER,1997
SKN,BRA,1997
SKN,BRA,2002
SKN,BOL,2002
SKN,BOL,1997
SKN,PAR,2002
SKN,PAR,1997
SKN,CHL,2002
SKN,CHL,1997
SKN,ARG,2002
SKN,ARG,1997
SKN,URU,2002
SKN,URU,1997
MEX,USA,1997
MEX,USA,2002
MEX,CAN,1997
MEX,CAN,2002
MEX,BHM,2002
MEX,BHM,1997
MEX,HAI,2002
MEX,HAI,1997
MEX,DOM,1997
MEX,DOM,2002
MEX,JAM,1997
MEX,JAM,2002
MEX,TRI,2002
MEX,TRI,1997
MEX,BAR,1997
MEX,BAR,2002
MEX,DMA,2002
MEX,DMA,1997
MEX,GRN,2002
MEX,GRN,1997
MEX,SLU,2002
MEX,SLU,1997
MEX,SVG,1997
MEX,SVG,2002
MEX,AAB,2002
MEX,AAB,1997
MEX,SKN,2002
MEX,SKN,1997
MEX,BLZ,2002
MEX,BLZ,1997
MEX,GUA,2002
MEX,GUA,1997
MEX,HON,1997
MEX,HON,2002
MEX,SAL,1997
MEX,SAL,2002
MEX,NIC,2002
MEX,NIC,1997
MEX,COS,2002
MEX,COS,1997
MEX,PAN,2002
MEX,PAN,1997
MEX,COL,1997
MEX,COL,2002
MEX,VEN,2002
MEX,VEN,1997
MEX,GUY,1997
MEX,GUY,2002
MEX,SUR,2002
MEX,SUR,1997
MEX,ECU,1997
MEX,ECU,2002
MEX,PER,2002
MEX,PER,1997
MEX,BRA,1997
MEX,BRA,2002
MEX,BOL,1997
MEX,BOL,2002
MEX,PAR,2002
MEX,PAR,1997
MEX,CHL,2002
MEX,CHL,1997
MEX,ARG,1997
MEX,ARG,2002
MEX,URU,2002
MEX,URU,1997
BLZ,USA,2002
BLZ,USA,1997
BLZ,CAN,2002
BLZ,CAN,1997
BLZ,BHM,1997
BLZ,BHM,2002
BLZ,HAI,2002
BLZ,HAI,1997
BLZ,DOM,2002
BLZ,DOM,1997
BLZ,JAM,2002
BLZ,JAM,1997
BLZ,TRI,2002
BLZ,TRI,1997
BLZ,BAR,1997
BLZ,BAR,2002
BLZ,DMA,1997
BLZ,DMA,2002
BLZ,GRN,2002
BLZ,GRN,1997
BLZ,SLU,1997
BLZ,SLU,2002
BLZ,SVG,2002
BLZ,SVG,1997
BLZ,AAB,2002
BLZ,AAB,1997
BLZ,SKN,2002
BLZ,SKN,1997
BLZ,MEX,2002
BLZ,MEX,1997
BLZ,GUA,2002
BLZ,GUA,1997
BLZ,HON,2002
BLZ,HON,1997
BLZ,SAL,1997
BLZ,SAL,2002
BLZ,NIC,1997
BLZ,NIC,2002
BLZ,COS,2002
BLZ,COS,1997
BLZ,PAN,1997
BLZ,PAN,2002
BLZ,COL,1997
BLZ,COL,2002
BLZ,VEN,2002
BLZ,VEN,1997
BLZ,GUY,1997
BLZ,GUY,2002
BLZ,SUR,1997
BLZ,SUR,2002
BLZ,ECU,2002
BLZ,ECU,1997
BLZ,PER,2002
BLZ,PER,1997
BLZ,BRA,1997
BLZ,BRA,2002
BLZ,BOL,1997
BLZ,BOL,2002
BLZ,PAR,2002
BLZ,PAR,1997
BLZ,CHL,2002
BLZ,CHL,1997
BLZ,ARG,1997
BLZ,ARG,2002
BLZ,URU,1997
BLZ,URU,2002
GUA,USA,1997
GUA,USA,2002
GUA,CAN,1997
GUA,CAN,2002
GUA,BHM,2002
GUA,BHM,1997
GUA,HAI,2002
GUA,HAI,1997
GUA,DOM,1997
GUA,DOM,2002
GUA,JAM,1997
GUA,JAM,2002
GUA,TRI,1997
GUA,TRI,2002
GUA,BAR,1997
GUA,BAR,2002
GUA,DMA,1997
GUA,DMA,2002
GUA,GRN,2002
GUA,GRN,1997
GUA,SLU,2002
GUA,SLU,1997
GUA,SVG,2002
GUA,SVG,1997
GUA,AAB,1997
GUA,AAB,2002
GUA,SKN,1997
GUA,SKN,2002
GUA,MEX,1997
GUA,MEX,2002
GUA,BLZ,1997
GUA,BLZ,2002
GUA,HON,1997
GUA,HON,2002
GUA,SAL,1997
GUA,SAL,2002
GUA,NIC,1997
GUA,NIC,2002
GUA,COS,1997
GUA,COS,2002
GUA,PAN,1997
GUA,PAN,2002
GUA,COL,1997
GUA,COL,2002
GUA,VEN,2002
GUA,VEN,1997
GUA,GUY,2002
GUA,GUY,1997
GUA,SUR,1997
GUA,SUR,2002
GUA,ECU,1997
GUA,ECU,2002
GUA,PER,1997
GUA,PER,2002
GUA,BRA,1997
GUA,BRA,2002
GUA,BOL,2002
GUA,BOL,1997
GUA,PAR,1997
GUA,PAR,2002
GUA,CHL,2002
GUA,CHL,1997
GUA,ARG,2002
GUA,ARG,1997
GUA,URU,1997
GUA,URU,2002
HON,USA,1997
HON,USA,2002
HON,CAN,1997
HON,CAN,2002
HON,BHM,1997
HON,BHM,2002
HON,HAI,1997
HON,HAI,2002
HON,DOM,1997
HON,DOM,2002
HON,JAM,1997
HON,JAM,2002
HON,TRI,2002
HON,TRI,1997
HON,BAR,1997
HON,BAR,2002
HON,DMA,2002
HON,DMA,1997
HON,GRN,1997
HON,GRN,2002
HON,SLU,1997
HON,SLU,2002
HON,SVG,2002
HON,SVG,1997
HON,AAB,1997
HON,AAB,2002
HON,SKN,2002
HON,SKN,1997
HON,MEX,1997
HON,MEX,2002
HON,BLZ,2002
HON,BLZ,1997
HON,GUA,2002
HON,GUA,1997
HON,SAL,1997
HON,SAL,2002
HON,NIC,2002
HON,NIC,1997
HON,COS,1997
HON,COS,2002
HON,PAN,2002
HON,PAN,1997
HON,COL,1997
HON,COL,2002
HON,VEN,2002
HON,VEN,1997
HON,GUY,1997
HON,GUY,2002
HON,SUR,1997
HON,SUR,2002
HON,ECU,2002
HON,ECU,1997
HON,PER,1997
HON,PER,2002
HON,BRA,1997
HON,BRA,2002
HON,BOL,2002
HON,BOL,1997
HON,PAR,2002
HON,PAR,1997
HON,CHL,2002
HON,CHL,1997
HON,ARG,2002
HON,ARG,1997
HON,URU,2002
HON,URU,1997
SAL,USA,1997
SAL,USA,2002
SAL,CAN,1997
SAL,CAN,2002
SAL,BHM,2002
SAL,BHM,1997
SAL,HAI,2002
SAL,HAI,1997
SAL,DOM,1997
SAL,DOM,2002
SAL,JAM,1997
SAL,JAM,2002
SAL,TRI,1997
SAL,TRI,2002
SAL,BAR,1997
SAL,BAR,2002
SAL,DMA,1997
SAL,DMA,2002
SAL,GRN,1997
SAL,GRN,2002
SAL,SLU,1997
SAL,SLU,2002
SAL,SVG,1997
SAL,SVG,2002
SAL,AAB,2002
SAL,AAB,1997
SAL,SKN,2002
SAL,SKN,1997
SAL,MEX,2002
SAL,MEX,1997
SAL,BLZ,2002
SAL,BLZ,1997
SAL,GUA,1997
SAL,GUA,2002
SAL,HON,1997
SAL,HON,2002
SAL,NIC,1997
SAL,NIC,2002
SAL,COS,1997
SAL,COS,2002
SAL,PAN,1997
SAL,PAN,2002
SAL,COL,2002
SAL,COL,1997
SAL,VEN,1997
SAL,VEN,2002
SAL,GUY,2002
SAL,GUY,1997
SAL,SUR,2002
SAL,SUR,1997
SAL,ECU,2002
SAL,ECU,1997
SAL,PER,1997
SAL,PER,2002
SAL,BRA,2002
SAL,BRA,1997
SAL,BOL,1997
SAL,BOL,2002
SAL,PAR,1997
SAL,PAR,2002
SAL,CHL,2002
SAL,CHL,1997
SAL,ARG,2002
SAL,ARG,1997
SAL,URU,1997
SAL,URU,2002
NIC,USA,2002
NIC,USA,1997
NIC,CAN,2002
NIC,CAN,1997
NIC,BHM,2002
NIC,BHM,1997
NIC,HAI,1997
NIC,HAI,2002
NIC,DOM,1997
NIC,DOM,2002
NIC,JAM,1997
NIC,JAM,2002
NIC,TRI,2002
NIC,TRI,1997
NIC,BAR,1997
NIC,BAR,2002
NIC,DMA,2002
NIC,DMA,1997
NIC,GRN,1997
NIC,GRN,2002
NIC,SLU,2002
NIC,SLU,1997
NIC,SVG,1997
NIC,SVG,2002
NIC,AAB,2002
NIC,AAB,1997
NIC,SKN,1997
NIC,SKN,2002
NIC,MEX,2002
NIC,MEX,1997
NIC,BLZ,2002
NIC,BLZ,1997
NIC,GUA,2002
NIC,GUA,1997
NIC,HON,2002
NIC,HON,1997
NIC,SAL,1997
NIC,SAL,2002
NIC,COS,2002
NIC,COS,1997
NIC,PAN,1997
NIC,PAN,2002
NIC,COL,1997
NIC,COL,2002
NIC,VEN,1997
NIC,VEN,2002
NIC,GUY,2002
NIC,GUY,1997
NIC,SUR,2002
NIC,SUR,1997
NIC,ECU,1997
NIC,ECU,2002
NIC,PER,1997
NIC,PER,2002
NIC,BRA,2002
NIC,BRA,1997
NIC,BOL,2002
NIC,BOL,1997
NIC,PAR,2002
NIC,PAR,1997
NIC,CHL,1997
NIC,CHL,2002
NIC,ARG,2002
NIC,ARG,1997
NIC,URU,1997
NIC,URU,2002
COS,USA,2002
COS,USA,1997
COS,CAN,2002
COS,CAN,1997
COS,BHM,1997
COS,BHM,2002
COS,HAI,2002
COS,HAI,1997
COS,DOM,2002
COS,DOM,1997
COS,JAM,2002
COS,JAM,1997
COS,TRI,1997
COS,TRI,2002
COS,BAR,2002
COS,BAR,1997
COS,DMA,1997
COS,DMA,2002
COS,GRN,1997
COS,GRN,2002
COS,SLU,1997
COS,SLU,2002
COS,SVG,2002
COS,SVG,1997
COS,AAB,1997
COS,AAB,2002
COS,SKN,1997
COS,SKN,2002
COS,MEX,2002
COS,MEX,1997
COS,BLZ,2002
COS,BLZ,1997
COS,GUA,2002
COS,GUA,1997
COS,HON,1997
COS,HON,2002
COS,SAL,1997
COS,SAL,2002
COS,NIC,2002
COS,NIC,1997
COS,PAN,2002
COS,PAN,1997
COS,COL,1997
COS,COL,2002
COS,VEN,2002
COS,VEN,1997
COS,GUY,2002
COS,GUY,1997
COS,SUR,1997
COS,SUR,2002
COS,ECU,1997
COS,ECU,2002
COS,PER,2002
COS,PER,1997
COS,BRA,1997
COS,BRA,2002
COS,BOL,1997
COS,BOL,2002
COS,PAR,2002
COS,PAR,1997
COS,CHL,1997
COS,CHL,2002
COS,ARG,1997
COS,ARG,2002
COS,URU,1997
COS,URU,2002
PAN,USA,1997
PAN,USA,2002
PAN,CAN,2002
PAN,CAN,1997
PAN,BHM,2002
PAN,BHM,1997
PAN,HAI,2002
PAN,HAI,1997
PAN,DOM,1997
PAN,DOM,2002
PAN,JAM,2002
PAN,JAM,1997
PAN,TRI,1997
PAN,TRI,2002
PAN,BAR,1997
PAN,BAR,2002
PAN,DMA,2002
PAN,DMA,1997
PAN,GRN,2002
PAN,GRN,1997
PAN,SLU,2002
PAN,SLU,1997
PAN,SVG,1997
PAN,SVG,2002
PAN,AAB,1997
PAN,AAB,2002
PAN,SKN,1997
PAN,SKN,2002
PAN,MEX,1997
PAN,MEX,2002
PAN,BLZ,1997
PAN,BLZ,2002
PAN,GUA,1997
PAN,GUA,2002
PAN,HON,2002
PAN,HON,1997
PAN,SAL,1997
PAN,SAL,2002
PAN,NIC,1997
PAN,NIC,2002
PAN,COS,2002
PAN,COS,1997
PAN,COL,2002
PAN,COL,1997
PAN,VEN,1997
PAN,VEN,2002
PAN,GUY,2002
PAN,GUY,1997
PAN,SUR,2002
PAN,SUR,1997
PAN,ECU,1997
PAN,ECU,2002
PAN,PER,1997
PAN,PER,2002
PAN,BRA,1997
PAN,BRA,2002
PAN,BOL,1997
PAN,BOL,2002
PAN,PAR,2002
PAN,PAR,1997
PAN,CHL,1997
PAN,CHL,2002
PAN,ARG,2002
PAN,ARG,1997
PAN,URU,1997
PAN,URU,2002
COL,USA,2002
COL,USA,1997
COL,CAN,1997
COL,CAN,2002
COL,BHM,1997
COL,BHM,2002
COL,HAI,1997
COL,HAI,2002
COL,DOM,1997
COL,DOM,2002
COL,JAM,2002
COL,JAM,1997
COL,TRI,2002
COL,TRI,1997
COL,BAR,1997
COL,BAR,2002
COL,DMA,1997
COL,DMA,2002
COL,GRN,1997
COL,GRN,2002
COL,SLU,1997
COL,SLU,2002
COL,SVG,2002
COL,SVG,1997
COL,AAB,2002
COL,AAB,1997
COL,SKN,2002
COL,SKN,1997
COL,MEX,2002
COL,MEX,1997
COL,BLZ,1997
COL,BLZ,2002
COL,GUA,2002
COL,GUA,1997
COL,HON,1997
COL,HON,2002
COL,SAL,1997
COL,SAL,2002
COL,NIC,2002
COL,NIC,1997
COL,COS,1997
COL,COS,2002
COL,PAN,1997
COL,PAN,2002
COL,VEN,2002
COL,VEN,1997
COL,GUY,2002
COL,GUY,1997
COL,SUR,1997
COL,SUR,2002
COL,ECU,1997
COL,ECU,2002
COL,PER,2002
COL,PER,1997
COL,BRA,1997
COL,BRA,2002
COL,BOL,2002
COL,BOL,1997
COL,PAR,1997
COL,PAR,2002
COL,CHL,2002
COL,CHL,1997
COL,ARG,2002
COL,ARG,1997
COL,URU,2002
COL,URU,1997
VEN,USA,1997
VEN,USA,2002
VEN,CAN,2002
VEN,CAN,1997
VEN,BHM,1997
VEN,BHM,2002
VEN,HAI,2002
VEN,HAI,1997
VEN,DOM,1997
VEN,DOM,2002
VEN,JAM,1997
VEN,JAM,2002
VEN,TRI,1997
VEN,TRI,2002
VEN,BAR,1997
VEN,BAR,2002
VEN,DMA,1997
VEN,DMA,2002
VEN,GRN,1997
VEN,GRN,2002
VEN,SLU,2002
VEN,SLU,1997
VEN,SVG,1997
VEN,SVG,2002
VEN,AAB,2002
VEN,AAB,1997
VEN,SKN,2002
VEN,SKN,1997
VEN,MEX,2002
VEN,MEX,1997
VEN,BLZ,2002
VEN,BLZ,1997
VEN,GUA,2002
VEN,GUA,1997
VEN,HON,1997
VEN,HON,2002
VEN,SAL,1997
VEN,SAL,2002
VEN,NIC,1997
VEN,NIC,2002
VEN,COS,2002
VEN,COS,1997
VEN,PAN,1997
VEN,PAN,2002
VEN,COL,1997
VEN,COL,2002
VEN,GUY,2002
VEN,GUY,1997
VEN,SUR,2002
VEN,SUR,1997
VEN,ECU,1997
VEN,ECU,2002
VEN,PER,1997
VEN,PER,2002
VEN,BRA,1997
VEN,BRA,2002
VEN,BOL,2002
VEN,BOL,1997
VEN,PAR,2002
VEN,PAR,1997
VEN,CHL,1997
VEN,CHL,2002
VEN,ARG,2002
VEN,ARG,1997
VEN,URU,1997
VEN,URU,2002
GUY,USA,2002
GUY,USA,1997
GUY,CAN,1997
GUY,CAN,2002
GUY,BHM,2002
GUY,BHM,1997
GUY,HAI,1997
GUY,HAI,2002
GUY,DOM,1997
GUY,DOM,2002
GUY,JAM,2002
GUY,JAM,1997
GUY,TRI,2002
GUY,TRI,1997
GUY,BAR,1997
GUY,BAR,2002
GUY,DMA,2002
GUY,DMA,1997
GUY,GRN,2002
GUY,GRN,1997
GUY,SLU,1997
GUY,SLU,2002
GUY,SVG,1997
GUY,SVG,2002
GUY,AAB,1997
GUY,AAB,2002
GUY,SKN,1997
GUY,SKN,2002
GUY,MEX,1997
GUY,MEX,2002
GUY,BLZ,2002
GUY,BLZ,1997
GUY,GUA,1997
GUY,GUA,2002
GUY,HON,2002
GUY,HON,1997
GUY,SAL,1997
GUY,SAL,2002
GUY,NIC,2002
GUY,NIC,1997
GUY,COS,1997
GUY,COS,2002
GUY,PAN,1997
GUY,PAN,2002
GUY,COL,1997
GUY,COL,2002
GUY,VEN,1997
GUY,VEN,2002
GUY,SUR,2002
GUY,SUR,1997
GUY,ECU,2002
GUY,ECU,1997
GUY,PER,2002
GUY,PER,1997
GUY,BRA,1997
GUY,BRA,2002
GUY,BOL,1997
GUY,BOL,2002
GUY,PAR,1997
GUY,PAR,2002
GUY,CHL,1997
GUY,CHL,2002
GUY,ARG,1997
GUY,ARG,2002
GUY,URU,2002
GUY,URU,1997
SUR,USA,1997
SUR,USA,2002
SUR,CAN,1997
SUR,CAN,2002
SUR,BHM,2002
SUR,BHM,1997
SUR,HAI,1997
SUR,HAI,2002
SUR,DOM,1997
SUR,DOM,2002
SUR,JAM,1997
SUR,JAM,2002
SUR,TRI,1997
SUR,TRI,2002
SUR,BAR,2002
SUR,BAR,1997
SUR,DMA,2002
SUR,DMA,1997
SUR,GRN,1997
SUR,GRN,2002
SUR,SLU,2002
SUR,SLU,1997
SUR,SVG,2002
SUR,SVG,1997
SUR,AAB,2002
SUR,AAB,1997
SUR,SKN,1997
SUR,SKN,2002
SUR,MEX,2002
SUR,MEX,1997
SUR,BLZ,1997
SUR,BLZ,2002
SUR,GUA,1997
SUR,GUA,2002
SUR,HON,1997
SUR,HON,2002
SUR,SAL,2002
SUR,SAL,1997
SUR,NIC,1997
SUR,NIC,2002
SUR,COS,2002
SUR,COS,1997
SUR,PAN,2002
SUR,PAN,1997
SUR,COL,1997
SUR,COL,2002
SUR,VEN,1997
SUR,VEN,2002
SUR,GUY,2002
SUR,GUY,1997
SUR,ECU,1997
SUR,ECU,2002
SUR,PER,2002
SUR,PER,1997
SUR,BRA,2002
SUR,BRA,1997
SUR,BOL,1997
SUR,BOL,2002
SUR,PAR,1997
SUR,PAR,2002
SUR,CHL,1997
SUR,CHL,2002
SUR,ARG,2002
SUR,ARG,1997
SUR,URU,2002
SUR,URU,1997
ECU,USA,1997
ECU,USA,2002
ECU,CAN,1997
ECU,CAN,2002
ECU,BHM,1997
ECU,BHM,2002
ECU,HAI,2002
ECU,HAI,1997
ECU,DOM,1997
ECU,DOM,2002
ECU,JAM,2002
ECU,JAM,1997
ECU,TRI,2002
ECU,TRI,1997
ECU,BAR,2002
ECU,BAR,1997
ECU,DMA,2002
ECU,DMA,1997
ECU,GRN,2002
ECU,GRN,1997
ECU,SLU,1997
ECU,SLU,2002
ECU,SVG,2002
ECU,SVG,1997
ECU,AAB,2002
ECU,AAB,1997
ECU,SKN,2002
ECU,SKN,1997
ECU,MEX,1997
ECU,MEX,2002
ECU,BLZ,2002
ECU,BLZ,1997
ECU,GUA,1997
ECU,GUA,2002
ECU,HON,2002
ECU,HON,1997
ECU,SAL,1997
ECU,SAL,2002
ECU,NIC,2002
ECU,NIC,1997
ECU,COS,1997
ECU,COS,2002
ECU,PAN,1997
ECU,PAN,2002
ECU,COL,2002
ECU,COL,1997
ECU,VEN,1997
ECU,VEN,2002
ECU,GUY,1997
ECU,GUY,2002
ECU,SUR,2002
ECU,SUR,1997
ECU,PER,2002
ECU,PER,1997
ECU,BRA,2002
ECU,BRA,1997
ECU,BOL,2002
ECU,BOL,1997
ECU,PAR,2002
ECU,PAR,1997
ECU,CHL,2002
ECU,CHL,1997
ECU,ARG,2002
ECU,ARG,1997
ECU,URU,1997
ECU,URU,2002
PER,USA,2002
PER,USA,1997
PER,CAN,2002
PER,CAN,1997
PER,BHM,2002
PER,BHM,1997
PER,HAI,1997
PER,HAI,2002
PER,DOM,2002
PER,DOM,1997
PER,JAM,1997
PER,JAM,2002
PER,TRI,2002
PER,TRI,1997
PER,BAR,1997
PER,BAR,2002
PER,DMA,2002
PER,DMA,1997
PER,GRN,2002
PER,GRN,1997
PER,SLU,2002
PER,SLU,1997
PER,SVG,1997
PER,SVG,2002
PER,AAB,1997
PER,AAB,2002
PER,SKN,1997
PER,SKN,2002
PER,MEX,2002
PER,MEX,1997
PER,BLZ,1997
PER,BLZ,2002
PER,GUA,1997
PER,GUA,2002
PER,HON,1997
PER,HON,2002
PER,SAL,1997
PER,SAL,2002
PER,NIC,1997
PER,NIC,2002
PER,COS,2002
PER,COS,1997
PER,PAN,2002
PER,PAN,1997
PER,COL,1997
PER,COL,2002
PER,VEN,2002
PER,VEN,1997
PER,GUY,2002
PER,GUY,1997
PER,SUR,2002
PER,SUR,1997
PER,ECU,1997
PER,ECU,2002
PER,BRA,2002
PER,BRA,1997
PER,BOL,1997
PER,BOL,2002
PER,PAR,1997
PER,PAR,2002
PER,CHL,2002
PER,CHL,1997
PER,ARG,2002
PER,ARG,1997
PER,URU,1997
PER,URU,2002
BRA,USA,1997
BRA,USA,2002
BRA,CAN,1997
BRA,CAN,2002
BRA,BHM,1997
BRA,BHM,2002
BRA,HAI,2002
BRA,HAI,1997
BRA,DOM,1997
BRA,DOM,2002
BRA,JAM,2002
BRA,JAM,1997
BRA,TRI,1997
BRA,TRI,2002
BRA,BAR,1997
BRA,BAR,2002
BRA,DMA,1997
BRA,DMA,2002
BRA,GRN,1997
BRA,GRN,2002
BRA,SLU,2002
BRA,SLU,1997
BRA,SVG,2002
BRA,SVG,1997
BRA,AAB,2002
BRA,AAB,1997
BRA,SKN,1997
BRA,SKN,2002
BRA,MEX,2002
BRA,MEX,1997
BRA,BLZ,1997
BRA,BLZ,2002
BRA,GUA,1997
BRA,GUA,2002
BRA,HON,2002
BRA,HON,1997
BRA,SAL,2002
BRA,SAL,1997
BRA,NIC,1997
BRA,NIC,2002
BRA,COS,2002
BRA,COS,1997
BRA,PAN,2002
BRA,PAN,1997
BRA,COL,1997
BRA,COL,2002
BRA,VEN,1997
BRA,VEN,2002
BRA,GUY,1997
BRA,GUY,2002
BRA,SUR,1997
BRA,SUR,2002
BRA,ECU,1997
BRA,ECU,2002
BRA,PER,1997
BRA,PER,2002
BRA,BOL,1997
BRA,BOL,2002
BRA,PAR,1997
BRA,PAR,2002
BRA,CHL,1997
BRA,CHL,2002
BRA,ARG,1997
BRA,ARG,2002
BRA,URU,2002
BRA,URU,1997
BOL,USA,1997
BOL,USA,2002
BOL,CAN,2002
BOL,CAN,1997
BOL,BHM,1997
BOL,BHM,2002
BOL,HAI,2002
BOL,HAI,1997
BOL,DOM,2002
BOL,DOM,1997
BOL,JAM,2002
BOL,JAM,1997
BOL,TRI,2002
BOL,TRI,1997
BOL,BAR,1997
BOL,BAR,2002
BOL,DMA,1997
BOL,DMA,2002
BOL,GRN,1997
BOL,GRN,2002
BOL,SLU,1997
BOL,SLU,2002
BOL,SVG,1997
BOL,SVG,2002
BOL,AAB,2002
BOL,AAB,1997
BOL,SKN,2002
BOL,SKN,1997
BOL,MEX,1997
BOL,MEX,2002
BOL,BLZ,2002
BOL,BLZ,1997
BOL,GUA,1997
BOL,GUA,2002
BOL,HON,2002
BOL,HON,1997
BOL,SAL,1997
BOL,SAL,2002
BOL,NIC,2002
BOL,NIC,1997
BOL,COS,1997
BOL,COS,2002
BOL,PAN,1997
BOL,PAN,2002
BOL,COL,2002
BOL,COL,1997
BOL,VEN,2002
BOL,VEN,1997
BOL,GUY,2002
BOL,GUY,1997
BOL,SUR,1997
BOL,SUR,2002
BOL,ECU,2002
BOL,ECU,1997
BOL,PER,1997
BOL,PER,2002
BOL,BRA,1997
BOL,BRA,2002
BOL,PAR,1997
BOL,PAR,2002
BOL,CHL,1997
BOL,CHL,2002
BOL,ARG,1997
BOL,ARG,2002
BOL,URU,1997
BOL,URU,2002
PAR,USA,1997
PAR,USA,2002
PAR,CAN,2002
PAR,CAN,1997
PAR,BHM,2002
PAR,BHM,1997
PAR,HAI,2002
PAR,HAI,1997
PAR,DOM,2002
PAR,DOM,1997
PAR,JAM,1997
PAR,JAM,2002
PAR,TRI,1997
PAR,TRI,2002
PAR,BAR,2002
PAR,BAR,1997
PAR,DMA,2002
PAR,DMA,1997
PAR,GRN,2002
PAR,GRN,1997
PAR,SLU,1997
PAR,SLU,2002
PAR,SVG,2002
PAR,SVG,1997
PAR,AAB,2002
PAR,AAB,1997
PAR,SKN,1997
PAR,SKN,2002
PAR,MEX,2002
PAR,MEX,1997
PAR,BLZ,2002
PAR,BLZ,1997
PAR,GUA,2002
PAR,GUA,1997
PAR,HON,2002
PAR,HON,1997
PAR,SAL,1997
PAR,SAL,2002
PAR,NIC,2002
PAR,NIC,1997
PAR,COS,2002
PAR,COS,1997
PAR,PAN,2002
PAR,PAN,1997
PAR,COL,2002
PAR,COL,1997
PAR,VEN,1997
PAR,VEN,2002
PAR,GUY,2002
PAR,GUY,1997
PAR,SUR,2002
PAR,SUR,1997
PAR,ECU,1997
PAR,ECU,2002
PAR,PER,1997
PAR,PER,2002
PAR,BRA,1997
PAR,BRA,2002
PAR,BOL,1997
PAR,BOL,2002
PAR,CHL,2002
PAR,CHL,1997
PAR,ARG,1997
PAR,ARG,2002
PAR,URU,2002
PAR,URU,1997
CHL,USA,2002
CHL,USA,1997
CHL,CAN,1997
CHL,CAN,2002
CHL,BHM,1997
CHL,BHM,2002
CHL,HAI,1997
CHL,HAI,2002
CHL,DOM,1997
CHL,DOM,2002
CHL,JAM,1997
CHL,JAM,2002
CHL,TRI,2002
CHL,TRI,1997
CHL,BAR,1997
CHL,BAR,2002
CHL,DMA,1997
CHL,DMA,2002
CHL,GRN,2002
CHL,GRN,1997
CHL,SLU,1997
CHL,SLU,2002
CHL,SVG,1997
CHL,SVG,2002
CHL,AAB,2002
CHL,AAB,1997
CHL,SKN,1997
CHL,SKN,2002
CHL,MEX,2002
CHL,MEX,1997
CHL,BLZ,2002
CHL,BLZ,1997
CHL,GUA,2002
CHL,GUA,1997
CHL,HON,1997
CHL,HON,2002
CHL,SAL,1997
CHL,SAL,2002
CHL,NIC,2002
CHL,NIC,1997
CHL,COS,2002
CHL,COS,1997
CHL,PAN,2002
CHL,PAN,1997
CHL,COL,2002
CHL,COL,1997
CHL,VEN,2002
CHL,VEN,1997
CHL,GUY,1997
CHL,GUY,2002
CHL,SUR,2002
CHL,SUR,1997
CHL,ECU,2002
CHL,ECU,1997
CHL,PER,1997
CHL,PER,2002
CHL,BRA,1997
CHL,BRA,2002
CHL,BOL,2002
CHL,BOL,1997
CHL,PAR,1997
CHL,PAR,2002
CHL,ARG,1997
CHL,ARG,2002
CHL,URU,1997
CHL,URU,2002
ARG,USA,1997
ARG,USA,2002
ARG,CAN,2002
ARG,CAN,1997
ARG,BHM,2002
ARG,BHM,1997
ARG,HAI,1997
ARG,HAI,2002
ARG,DOM,2002
ARG,DOM,1997
ARG,JAM,1997
ARG,JAM,2002
ARG,TRI,2002
ARG,TRI,1997
ARG,BAR,1997
ARG,BAR,2002
ARG,DMA,1997
ARG,DMA,2002
ARG,GRN,1997
ARG,GRN,2002
ARG,SLU,2002
ARG,SLU,1997
ARG,SVG,1997
ARG,SVG,2002
ARG,AAB,1997
ARG,AAB,2002
ARG,SKN,2002
ARG,SKN,1997
ARG,MEX,1997
ARG,MEX,2002
ARG,BLZ,1997
ARG,BLZ,2002
ARG,GUA,2002
ARG,GUA,1997
ARG,HON,2002
ARG,HON,1997
ARG,SAL,1997
ARG,SAL,2002
ARG,NIC,2002
ARG,NIC,1997
ARG,COS,1997
ARG,COS,2002
ARG,PAN,2002
ARG,PAN,1997
ARG,COL,2002
ARG,COL,1997
ARG,VEN,2002
ARG,VEN,1997
ARG,GUY,2002
ARG,GUY,1997
ARG,SUR,2002
ARG,SUR,1997
ARG,ECU,2002
ARG,ECU,1997
ARG,PER,1997
ARG,PER,2002
ARG,BRA,2002
ARG,BRA,1997
ARG,BOL,2002
ARG,BOL,1997
ARG,PAR,2002
ARG,PAR,1997
ARG,CHL,1997
ARG,CHL,2002
ARG,URU,1997
ARG,URU,2002
URU,USA,2002
URU,USA,1997
URU,CAN,2002
URU,CAN,1997
URU,BHM,1997
URU,BHM,2002
URU,HAI,1997
URU,HAI,2002
URU,DOM,1997
URU,DOM,2002
URU,JAM,1997
URU,JAM,2002
URU,TRI,1997
URU,TRI,2002
URU,BAR,1997
URU,BAR,2002
URU,DMA,2002
URU,DMA,1997
URU,GRN,1997
URU,GRN,2002
URU,SLU,1997
URU,SLU,2002
URU,SVG,1997
URU,SVG,2002
URU,AAB,2002
URU,AAB,1997
URU,SKN,2002
URU,SKN,1997
URU,MEX,1997
URU,MEX,2002
URU,BLZ,2002
URU,BLZ,1997
URU,GUA,2002
URU,GUA,1997
URU,HON,2002
URU,HON,1997
URU,SAL,2002
URU,SAL,1997
URU,NIC,2002
URU,NIC,1997
URU,COS,2002
URU,COS,1997
URU,PAN,1997
URU,PAN,2002
URU,COL,1997
URU,COL,2002
URU,VEN,1997
URU,VEN,2002
URU,GUY,2002
URU,GUY,1997
URU,SUR,2002
URU,SUR,1997
URU,ECU,2002
URU,ECU,1997
URU,PER,1997
URU,PER,2002
URU,BRA,1997
URU,BRA,2002
URU,BOL,1997
URU,BOL,2002
URU,PAR,2002
URU,PAR,1997
URU,CHL,1997
URU,CHL,2002
URU,ARG,2002
URU,ARG,1997
UKG,USA,2002
UKG,USA,1997
UKG,CAN,1997
UKG,CAN,2002
UKG,NTH,2002
UKG,NTH,1997
UKG,BEL,2002
UKG,BEL,1997
UKG,LUX,1997
UKG,LUX,2002
UKG,FRN,1997
UKG,FRN,2002
UKG,SPN,1997
UKG,SPN,2002
UKG,POR,2002
UKG,POR,1997
UKG,GMY,1997
UKG,GMY,2002
UKG,POL,2002
UKG,POL,1997
UKG,HUN,1997
UKG,HUN,2002
UKG,CZR,1997
UKG,CZR,2002
UKG,ITA,2002
UKG,ITA,1997
UKG,GRC,1997
UKG,GRC,2002
UKG,NOR,2002
UKG,NOR,1997
UKG,DEN,1997
UKG,DEN,2002
UKG,ICE,2002
UKG,ICE,1997
NTH,USA,1997
NTH,USA,2002
NTH,CAN,2002
NTH,CAN,1997
NTH,UKG,1997
NTH,UKG,2002
NTH,BEL,1997
NTH,BEL,2002
NTH,LUX,1997
NTH,LUX,2002
NTH,FRN,2002
NTH,FRN,1997
NTH,SPN,1997
NTH,SPN,2002
NTH,POR,1997
NTH,POR,2002
NTH,GMY,1997
NTH,GMY,2002
NTH,POL,2002
NTH,POL,1997
NTH,HUN,2002
NTH,HUN,1997
NTH,CZR,1997
NTH,CZR,2002
NTH,ITA,1997
NTH,ITA,2002
NTH,GRC,2002
NTH,GRC,1997
NTH,NOR,2002
NTH,NOR,1997
NTH,DEN,2002
NTH,DEN,1997
NTH,ICE,2002
NTH,ICE,1997
BEL,USA,1997
BEL,USA,2002
BEL,CAN,2002
BEL,CAN,1997
BEL,UKG,1997
BEL,UKG,2002
BEL,NTH,1997
BEL,NTH,2002
BEL,LUX,1997
BEL,LUX,2002
BEL,FRN,1997
BEL,FRN,2002
BEL,SPN,2002
BEL,SPN,1997
BEL,POR,2002
BEL,POR,1997
BEL,GMY,1997
BEL,GMY,2002
BEL,POL,2002
BEL,POL,1997
BEL,HUN,1997
BEL,HUN,2002
BEL,CZR,2002
BEL,CZR,1997
BEL,ITA,2002
BEL,ITA,1997
BEL,GRC,1997
BEL,GRC,2002
BEL,NOR,2002
BEL,NOR,1997
BEL,DEN,2002
BEL,DEN,1997
BEL,ICE,1997
BEL,ICE,2002
LUX,USA,2002
LUX,USA,1997
LUX,CAN,2002
LUX,CAN,1997
LUX,UKG,1997
LUX,UKG,2002
LUX,NTH,1997
LUX,NTH,2002
LUX,BEL,2002
LUX,BEL,1997
LUX,FRN,1997
LUX,FRN,2002
LUX,SPN,2002
LUX,SPN,1997
LUX,POR,2002
LUX,POR,1997
LUX,GMY,1997
LUX,GMY,2002
LUX,POL,2002
LUX,POL,1997
LUX,HUN,1997
LUX,HUN,2002
LUX,CZR,2002
LUX,CZR,1997
LUX,ITA,1997
LUX,ITA,2002
LUX,GRC,1997
LUX,GRC,2002
LUX,NOR,1997
LUX,NOR,2002
LUX,DEN,2002
LUX,DEN,1997
LUX,ICE,1997
LUX,ICE,2002
FRN,USA,2002
FRN,USA,1997
FRN,CAN,1997
FRN,CAN,2002
FRN,UKG,2002
FRN,UKG,1997
FRN,NTH,2002
FRN,NTH,1997
FRN,BEL,1997
FRN,BEL,2002
FRN,LUX,2002
FRN,LUX,1997
FRN,SPN,2002
FRN,SPN,1997
FRN,POR,1997
FRN,POR,2002
FRN,GMY,1997
FRN,GMY,2002
FRN,POL,2002
FRN,POL,1997
FRN,HUN,2002
FRN,HUN,1997
FRN,CZR,1997
FRN,CZR,2002
FRN,ITA,2002
FRN,ITA,1997
FRN,GRC,1997
FRN,GRC,2002
FRN,NOR,1997
FRN,NOR,2002
FRN,DEN,2002
FRN,DEN,1997
FRN,ICE,2002
FRN,ICE,1997
SPN,USA,2002
SPN,USA,1997
SPN,CAN,1997
SPN,CAN,2002
SPN,UKG,2002
SPN,UKG,1997
SPN,NTH,1997
SPN,NTH,2002
SPN,BEL,1997
SPN,BEL,2002
SPN,LUX,1997
SPN,LUX,2002
SPN,FRN,1997
SPN,FRN,2002
SPN,POR,2002
SPN,POR,1997
SPN,GMY,1997
SPN,GMY,2002
SPN,POL,2002
SPN,POL,1997
SPN,HUN,1997
SPN,HUN,2002
SPN,CZR,2002
SPN,CZR,1997
SPN,ITA,2002
SPN,ITA,1997
SPN,GRC,2002
SPN,GRC,1997
SPN,NOR,2002
SPN,NOR,1997
SPN,DEN,2002
SPN,DEN,1997
SPN,ICE,2002
SPN,ICE,1997
POR,USA,2002
POR,USA,1997
POR,CAN,1997
POR,CAN,2002
POR,UKG,2002
POR,UKG,1997
POR,NTH,2002
POR,NTH,1997
POR,BEL,1997
POR,BEL,2002
POR,LUX,1997
POR,LUX,2002
POR,FRN,2002
POR,FRN,1997
POR,SPN,1997
POR,SPN,2002
POR,GMY,2002
POR,GMY,1997
POR,POL,1997
POR,POL,2002
POR,HUN,1997
POR,HUN,2002
POR,CZR,1997
POR,CZR,2002
POR,ITA,1997
POR,ITA,2002
POR,GRC,2002
POR,GRC,1997
POR,NOR,1997
POR,NOR,2002
POR,DEN,1997
POR,DEN,2002
POR,ICE,1997
POR,ICE,2002
GMY,USA,1997
GMY,USA,2002
GMY,CAN,1997
GMY,CAN,2002
GMY,UKG,2002
GMY,UKG,1997
GMY,NTH,2002
GMY,NTH,1997
GMY,BEL,1997
GMY,BEL,2002
GMY,LUX,1997
GMY,LUX,2002
GMY,FRN,2002
GMY,FRN,1997
GMY,SPN,2002
GMY,SPN,1997
GMY,POR,2002
GMY,POR,1997
GMY,POL,1997
GMY,POL,2002
GMY,HUN,1997
GMY,HUN,2002
GMY,CZR,2002
GMY,CZR,1997
GMY,ITA,2002
GMY,ITA,1997
GMY,GRC,2002
GMY,GRC,1997
GMY,NOR,1997
GMY,NOR,2002
GMY,DEN,1997
GMY,DEN,2002
GMY,ICE,1997
GMY,ICE,2002
POL,USA,1997
POL,USA,2002
POL,CAN,2002
POL,CAN,1997
POL,UKG,2002
POL,UKG,1997
POL,NTH,1997
POL,NTH,2002
POL,BEL,1997
POL,BEL,2002
POL,LUX,1997
POL,LUX,2002
POL,FRN,2002
POL,FRN,1997
POL,SPN,2002
POL,SPN,1997
POL,POR,2002
POL,POR,1997
POL,GMY,1997
POL,GMY,2002
POL,HUN,2002
POL,HUN,1997
POL,CZR,1997
POL,CZR,2002
POL,ITA,1997
POL,ITA,2002
POL,GRC,1997
POL,GRC,2002
POL,NOR,2002
POL,NOR,1997
POL,DEN,2002
POL,DEN,1997
POL,ICE,1997
POL,ICE,2002
HUN,USA,2002
HUN,USA,1997
HUN,CAN,1997
HUN,CAN,2002
HUN,UKG,1997
HUN,UKG,2002
HUN,NTH,2002
HUN,NTH,1997
HUN,BEL,2002
HUN,BEL,1997
HUN,LUX,1997
HUN,LUX,2002
HUN,FRN,1997
HUN,FRN,2002
HUN,SPN,1997
HUN,SPN,2002
HUN,POR,1997
HUN,POR,2002
HUN,GMY,2002
HUN,GMY,1997
HUN,POL,1997
HUN,POL,2002
HUN,CZR,1997
HUN,CZR,2002
HUN,ITA,2002
HUN,ITA,1997
HUN,GRC,2002
HUN,GRC,1997
HUN,NOR,2002
HUN,NOR,1997
HUN,DEN,2002
HUN,DEN,1997
HUN,ICE,2002
HUN,ICE,1997
CZR,USA,2002
CZR,USA,1997
CZR,CAN,2002
CZR,CAN,1997
CZR,UKG,2002
CZR,UKG,1997
CZR,NTH,2002
CZR,NTH,1997
CZR,BEL,2002
CZR,BEL,1997
CZR,LUX,2002
CZR,LUX,1997
CZR,FRN,2002
CZR,FRN,1997
CZR,SPN,2002
CZR,SPN,1997
CZR,POR,2002
CZR,POR,1997
CZR,GMY,2002
CZR,GMY,1997
CZR,POL,1997
CZR,POL,2002
CZR,HUN,2002
CZR,HUN,1997
CZR,SLO,2002
CZR,SLO,1997
CZR,ITA,1997
CZR,ITA,2002
CZR,GRC,2002
CZR,GRC,1997
CZR,NOR,2002
CZR,NOR,1997
CZR,DEN,2002
CZR,DEN,1997
CZR,ICE,2002
CZR,ICE,1997
SLO,CZR,2002
SLO,CZR,1997
ITA,USA,1997
ITA,USA,2002
ITA,CAN,1997
ITA,CAN,2002
ITA,UKG,2002
ITA,UKG,1997
ITA,NTH,1997
ITA,NTH,2002
ITA,BEL,2002
ITA,BEL,1997
ITA,LUX,1997
ITA,LUX,2002
ITA,FRN,2002
ITA,FRN,1997
ITA,SPN,1997
ITA,SPN,2002
ITA,POR,2002
ITA,POR,1997
ITA,GMY,2002
ITA,GMY,1997
ITA,POL,2002
ITA,POL,1997
ITA,HUN,1997
ITA,HUN,2002
ITA,CZR,1997
ITA,CZR,2002
ITA,GRC,1997
ITA,GRC,2002
ITA,NOR,1997
ITA,NOR,2002
ITA,DEN,2002
ITA,DEN,1997
ITA,ICE,1997
ITA,ICE,2002
GRC,USA,2002
GRC,USA,1997
GRC,CAN,1997
GRC,CAN,2002
GRC,UKG,2002
GRC,UKG,1997
GRC,NTH,1997
GRC,NTH,2002
GRC,BEL,2002
GRC,BEL,1997
GRC,LUX,2002
GRC,LUX,1997
GRC,FRN,2002
GRC,FRN,1997
GRC,SPN,2002
GRC,SPN,1997
GRC,POR,2002
GRC,POR,1997
GRC,GMY,1997
GRC,GMY,2002
GRC,POL,1997
GRC,POL,2002
GRC,HUN,1997
GRC,HUN,2002
GRC,CZR,1997
GRC,CZR,2002
GRC,ITA,2002
GRC,ITA,1997
GRC,NOR,1997
GRC,NOR,2002
GRC,DEN,2002
GRC,DEN,1997
GRC,ICE,2002
GRC,ICE,1997
NOR,USA,2002
NOR,USA,1997
NOR,CAN,1997
NOR,CAN,2002
NOR,UKG,2002
NOR,UKG,1997
NOR,NTH,1997
NOR,NTH,2002
NOR,BEL,1997
NOR,BEL,2002
NOR,LUX,2002
NOR,LUX,1997
NOR,FRN,2002
NOR,FRN,1997
NOR,SPN,2002
NOR,SPN,1997
NOR,POR,1997
NOR,POR,2002
NOR,GMY,1997
NOR,GMY,2002
NOR,POL,1997
NOR,POL,2002
NOR,HUN,1997
NOR,HUN,2002
NOR,CZR,1997
NOR,CZR,2002
NOR,ITA,2002
NOR,ITA,1997
NOR,GRC,1997
NOR,GRC,2002
NOR,DEN,2002
NOR,DEN,1997
NOR,ICE,1997
NOR,ICE,2002
DEN,USA,1997
DEN,USA,2002
DEN,CAN,1997
DEN,CAN,2002
DEN,UKG,1997
DEN,UKG,2002
DEN,NTH,1997
DEN,NTH,2002
DEN,BEL,1997
DEN,BEL,2002
DEN,LUX,2002
DEN,LUX,1997
DEN,FRN,1997
DEN,FRN,2002
DEN,SPN,2002
DEN,SPN,1997
DEN,POR,1997
DEN,POR,2002
DEN,GMY,1997
DEN,GMY,2002
DEN,POL,1997
DEN,POL,2002
DEN,HUN,2002
DEN,HUN,1997
DEN,CZR,1997
DEN,CZR,2002
DEN,ITA,1997
DEN,ITA,2002
DEN,GRC,2002
DEN,GRC,1997
DEN,NOR,1997
DEN,NOR,2002
DEN,ICE,1997
DEN,ICE,2002
ICE,USA,2002
ICE,USA,1997
ICE,CAN,1997
ICE,CAN,2002
ICE,UKG,1997
ICE,UKG,2002
ICE,NTH,2002
ICE,NTH,1997
ICE,BEL,1997
ICE,BEL,2002
ICE,LUX,1997
ICE,LUX,2002
ICE,FRN,1997
ICE,FRN,2002
ICE,SPN,1997
ICE,SPN,2002
ICE,POR,1997
ICE,POR,2002
ICE,GMY,2002
ICE,GMY,1997
ICE,POL,2002
ICE,POL,1997
ICE,HUN,2002
ICE,HUN,1997
ICE,CZR,1997
ICE,CZR,2002
ICE,ITA,2002
ICE,ITA,1997
ICE,GRC,2002
ICE,GRC,1997
ICE,NOR,1997
ICE,NOR,2002
ICE,DEN,2002
ICE,DEN,1997
